{
  "description": {
    "title": "",
    "text": ""
  },
  "links_1": {
    "list_pages": false,
    "title": "",
    "list": [
      {
        "text": "Sobre a Mobifans",
        "url": "/pages/sobre"
      },
      {
        "text": "Condições de Entrega",
        "url": "/pages/entrega"
      },
      {
        "text": "Trocas e Devoluções",
        "url": "/pages/trocas"
      },
      {
        "text": "FAQ",
        "url": "/pages/faq"
      },
      {
        "url": "/pages/pagamentos",
        "text": "Formas de Pagamento"
      },
      {
        "text": "Política de Privacidade",
        "url": "/pages/privacidade"
      },
      {
        "text": "Onde nos encontrar",
        "url": "/pages/sobre"
      },
      {
        "text": "Contato",
        "url": "/pages/contato"
      }
    ]
  },
  "links_2": {
    "list_categories": true,
    "title": "Categorias",
    "list": []
  },
  "contacts": {
    "title": "Contato",
    "phone_wpp": true,
    "socials": true,
    "email": true,
    "address": true
  },
  "stamps": [
    {}
  ],
  "payment_methods": {
    "bb": false,
    "visa": true,
    "boleto": true,
    "aura": false,
    "banrisul": false,
    "elo": true,
    "hipercard": true,
    "hsbc": false,
    "bradesco": false,
    "santander": false,
    "mastercard": true,
    "citibank": false,
    "diners": true,
    "mais": false,
    "amex": true,
    "itau": false
  },
  "credits": "Pulz Comércio de Importados Eireli - CNPJ: 06.051.394/0001-93 © 2020 Todos os direitos reservados "
}