{
  "meta_title": "Mobifans - Capas, películas e acessórios para Smartphones e Tablets.",
  "meta_description": "Mobifans - Capas, películas e acessórios para celulares e tablets. Acessórios para smartphones iphone, samsung e toda linha Android, com cabos, fones de ouvidos, power bank e mais. Estamos em Porto Alegre, Novo Hamburgo e Santa Maria.",
  "sections": [
    {
      "type": "banner-slider",
      "autoplay": 9000,
      "slides": [
        {
          "start": "",
          "end": "",
          "img": "/img/uploads/banner-desk_1_easy-resize.jpg",
          "mobile_img": "/img/uploads/banner-mobile_easy-resize.jpg",
          "link": "",
          "alt": "Easy2020"
        },
        {
          "start": "",
          "end": "",
          "img": "/img/uploads/Banners-Site-Mobi-2.png",
          "mobile_img": "/img/uploads/Site-Mobile-Home2.png",
          "link": "/pages/sobre",
          "alt": "Sobre a Mobifans"
        },
        {
          "start": "",
          "end": "",
          "img": "/img/uploads/Banners-Site-Mobi-3.png",
          "mobile_img": "/img/uploads/Site-Mobile-Home3.png",
          "link": "/acessorios",
          "alt": "Combinar com o look"
        },
        {
          "start": "",
          "end": "",
          "img": "/img/uploads/Banners-Site-Mobi-4.png",
          "mobile_img": "/img/uploads/Site-Mobile-Home4.png",
          "link": "/protecao-militar",
          "alt": "Proteções exclusivas"
        }
      ]
    },
    {
      "type": "info-bar",
      "enabled": true
    },
    {
      "type": "banners-grid",
      "banners": [
        {
          "img": "/img/uploads/Banner-Produtos-mobi-01.png",
          "link": "/colecoes",
          "alt": "Capas para Celulares"
        },
        {
          "img": "/img/uploads/Banner-Produtos-mobi-02.png",
          "link": "/seed-eco-case",
          "alt": "Capas para Celular Seed Biodegradável"
        }
      ]
    },
    {
      "type": "banners-grid",
      "banners": [
        {
          "img": "/img/uploads/Banner-Produtos-mobi-03.png",
          "link": "/peliculas",
          "alt": "Películas para Celular"
        },
        {
          "img": "/img/uploads/Banner-Produtos-mobi-04.png",
          "link": "/acessorios",
          "alt": "Acessórios para Celular"
        }
      ]
    },
    {
      "type": "custom-content",
      "markdown": "<center><strong>Siga-nos no Instagram!</strong></center>"
    },
    {
      "type": "banners-grid",
      "banners": [
        {
          "img": "/img/uploads/banner-instagram-mobi-01.png",
          "mobile_img": "/img/uploads/banner-instagram-mobi-02.png",
          "alt": "Instagram Mobifans",
          "link": "https://instagram.com/mobifans/"
        }
      ]
    },
    {
      "type": "collection-shelf",
      "shuffle": true,
      "collection_id": null
    }
  ]
}