{
  "assetsByChunkName": {
    "vendors~app-account~app-confirmation~app-order": [
      "chunk.cab3a947d01c013a3530.js",
      "chunk.cab3a947d01c013a3530.js.map"
    ],
    "vendors~app-account~app-checkout": [
      "chunk.8ecdf69bd60612250774.js",
      "chunk.8ecdf69bd60612250774.js.map"
    ],
    "vendors~app-cart~app-checkout": [
      "chunk.b9dde3c1388fa3827411.js",
      "chunk.b9dde3c1388fa3827411.js.map"
    ],
    "admin": [
      "admin.8a350eb4b2f3a3de0d0a.js",
      "admin.8a350eb4b2f3a3de0d0a.js.map"
    ],
    "app-account": [
      "chunk.5756168f47597ee13ea9.js",
      "chunk.5756168f47597ee13ea9.js.map"
    ],
    "app-cart": [
      "chunk.a708780b12c3bd4553f0.js",
      "chunk.a708780b12c3bd4553f0.js.map"
    ],
    "app-confirmation": [
      "chunk.811cc893c50200c816af.js",
      "chunk.811cc893c50200c816af.js.map"
    ],
    "app-order": [
      "chunk.bf9d77bab11c2492a371.js",
      "chunk.bf9d77bab11c2492a371.js.map"
    ],
    "checkout": [
      "checkout.d620c04d48d705c80399.js",
      "checkout.d620c04d48d705c80399.js.map"
    ],
    "storefront": [
      "storefront.06def2db695ddaa57118.css",
      "storefront.34af20f9722403309516.js",
      "storefront.06def2db695ddaa57118.css.map",
      "storefront.34af20f9722403309516.js.map"
    ],
    "vendors~app-checkout": [
      "chunk.e4ca0d62f4253ee09b09.js",
      "chunk.e4ca0d62f4253ee09b09.js.map"
    ]
  }
}